Page URL,Content
https://hakuteikoubou.skr.jp/storage/script_FFT/chap1/FFT_script101.html,▼
https://hakuteikoubou.skr.jp/storage/script_FFT/chap1/FFT_script101.html,▼
https://hakuteikoubou.skr.jp/storage/script_FFT/chap1/FFT_script102.html,▼
https://hakuteikoubou.skr.jp/storage/script_FFT/chap1/FFT_script102.html,▼
https://hakuteikoubou.skr.jp/storage/script_FFT/chap1/FFT_script103.html,▼
https://hakuteikoubou.skr.jp/storage/script_FFT/chap1/FFT_script103.html,▼
https://hakuteikoubou.skr.jp/storage/script_FFT/chap1/FFT_script103.html,▼
https://hakuteikoubou.skr.jp/storage/script_FFT/chap1/FFT_script103.html,▼
https://hakuteikoubou.skr.jp/storage/script_FFT/chap1/FFT_script103.html,▼
https://hakuteikoubou.skr.jp/storage/script_FFT/chap1/FFT_script103.html,▼
https://hakuteikoubou.skr.jp/storage/script_FFT/chap1/FFT_script103.html,▼
https://hakuteikoubou.skr.jp/storage/script_FFT/chap1/FFT_script103.html,▼
https://hakuteikoubou.skr.jp/storage/script_FFT/chap1/FFT_script103.html,▼
https://hakuteikoubou.skr.jp/storage/script_FFT/chap1/FFT_script103.html,▼
https://hakuteikoubou.skr.jp/storage/script_FFT/chap1/FFT_script103.html,▼
https://hakuteikoubou.skr.jp/storage/script_FFT/chap1/FFT_script103.html,▼
https://hakuteikoubou.skr.jp/storage/script_FFT/chap1/FFT_script105.html,▼
https://hakuteikoubou.skr.jp/storage/script_FFT/chap1/FFT_script106.html,▼
https://hakuteikoubou.skr.jp/storage/script_FFT/chap1/FFT_script106.html,▼
https://hakuteikoubou.skr.jp/storage/script_FFT/chap1/FFT_script107.html,▼
https://hakuteikoubou.skr.jp/storage/script_FFT/chap1/FFT_script109.html,▼
https://hakuteikoubou.skr.jp/storage/script_FFT/chap1/FFT_script109.html,▼
https://hakuteikoubou.skr.jp/storage/script_FFT/chap1/FFT_script109.html,▼
https://hakuteikoubou.skr.jp/storage/script_FFT/chap1/FFT_script109.html,▼
https://hakuteikoubou.skr.jp/storage/script_FFT/chap1/FFT_script109.html,▼
https://hakuteikoubou.skr.jp/storage/script_FFT/chap1/FFT_script109.html,▼
https://hakuteikoubou.skr.jp/storage/script_FFT/chap1/FFT_script112.html,▼
https://hakuteikoubou.skr.jp/storage/script_FFT/chap1/FFT_script112.html,▼
https://hakuteikoubou.skr.jp/storage/script_FFT/chap1/FFT_script112.html,▼
https://hakuteikoubou.skr.jp/storage/script_FFT/chap1/FFT_script112.html,▼
https://hakuteikoubou.skr.jp/storage/script_FFT/chap1/FFT_script112.html,▼
https://hakuteikoubou.skr.jp/storage/script_FFT/chap1/FFT_script112.html,▼
https://hakuteikoubou.skr.jp/storage/script_FFT/chap1/FFT_script112.html,▼
https://hakuteikoubou.skr.jp/storage/script_FFT/chap1/FFT_script112.html,▼
https://hakuteikoubou.skr.jp/storage/script_FFT/chap1/FFT_script112.html,▼
https://hakuteikoubou.skr.jp/storage/script_FFT/chap1/FFT_script113.html,▼
https://hakuteikoubou.skr.jp/storage/script_FFT/chap1/FFT_script113.html,▼
https://hakuteikoubou.skr.jp/storage/script_FFT/chap1/FFT_script113.html,▼
https://hakuteikoubou.skr.jp/storage/script_FFT/chap1/FFT_script113.html,▼
https://hakuteikoubou.skr.jp/storage/script_FFT/chap1/FFT_script113.html,▼
https://hakuteikoubou.skr.jp/storage/script_FFT/chap1/FFT_script113.html,▼
https://hakuteikoubou.skr.jp/storage/script_FFT/chap1/FFT_script113.html,▼
https://hakuteikoubou.skr.jp/storage/script_FFT/chap1/FFT_script114.html,▼
https://hakuteikoubou.skr.jp/storage/script_FFT/chap1/FFT_script114.html,▼
https://hakuteikoubou.skr.jp/storage/script_FFT/chap1/FFT_script114.html,▼
https://hakuteikoubou.skr.jp/storage/script_FFT/chap1/FFT_script114.html,▼
https://hakuteikoubou.skr.jp/storage/script_FFT/chap1/FFT_script114.html,▼
https://hakuteikoubou.skr.jp/storage/script_FFT/chap1/FFT_script114.html,▼
https://hakuteikoubou.skr.jp/storage/script_FFT/chap1/FFT_script114.html,▼
https://hakuteikoubou.skr.jp/storage/script_FFT/chap1/FFT_script114.html,▼
https://hakuteikoubou.skr.jp/storage/script_FFT/chap1/FFT_script114.html,▼
https://hakuteikoubou.skr.jp/storage/script_FFT/chap1/FFT_script114.html,▼
https://hakuteikoubou.skr.jp/storage/script_FFT/chap1/FFT_script114.html,▼
https://hakuteikoubou.skr.jp/storage/script_FFT/chap1/FFT_script114.html,▼
https://hakuteikoubou.skr.jp/storage/script_FFT/chap1/FFT_script114.html,▼
https://hakuteikoubou.skr.jp/storage/script_FFT/chap1/FFT_script114.html,▼
https://hakuteikoubou.skr.jp/storage/script_FFT/chap1/FFT_script114.html,▼
https://hakuteikoubou.skr.jp/storage/script_FFT/chap1/FFT_script114.html,▼
https://hakuteikoubou.skr.jp/storage/script_FFT/chap1/FFT_script114.html,▼
https://hakuteikoubou.skr.jp/storage/script_FFT/chap1/FFT_script114.html,▼
https://hakuteikoubou.skr.jp/storage/script_FFT/chap1/FFT_script114.html,▼
https://hakuteikoubou.skr.jp/storage/script_FFT/chap2/FFT_script202.html,▼
https://hakuteikoubou.skr.jp/storage/script_FFT/chap2/FFT_script203.html,▼
https://hakuteikoubou.skr.jp/storage/script_FFT/chap2/FFT_script203.html,▼
https://hakuteikoubou.skr.jp/storage/script_FFT/chap2/FFT_script203.html,▼
https://hakuteikoubou.skr.jp/storage/script_FFT/chap2/FFT_script203.html,▼
https://hakuteikoubou.skr.jp/storage/script_FFT/chap2/FFT_script203.html,▼
https://hakuteikoubou.skr.jp/storage/script_FFT/chap2/FFT_script203.html,▼
https://hakuteikoubou.skr.jp/storage/script_FFT/chap2/FFT_script203.html,▼
https://hakuteikoubou.skr.jp/storage/script_FFT/chap2/FFT_script204.html,▼
https://hakuteikoubou.skr.jp/storage/script_FFT/chap2/FFT_script204.html,▼
https://hakuteikoubou.skr.jp/storage/script_FFT/chap2/FFT_script204.html,▼
https://hakuteikoubou.skr.jp/storage/script_FFT/chap2/FFT_script204.html,▼
https://hakuteikoubou.skr.jp/storage/script_FFT/chap2/FFT_script204.html,▼
https://hakuteikoubou.skr.jp/storage/script_FFT/chap2/FFT_script204.html,▼
https://hakuteikoubou.skr.jp/storage/script_FFT/chap2/FFT_script204.html,▼
https://hakuteikoubou.skr.jp/storage/script_FFT/chap2/FFT_script204.html,▼
https://hakuteikoubou.skr.jp/storage/script_FFT/chap2/FFT_script204.html,▼
https://hakuteikoubou.skr.jp/storage/script_FFT/chap2/FFT_script204.html,▼
https://hakuteikoubou.skr.jp/storage/script_FFT/chap2/FFT_script204.html,▼
https://hakuteikoubou.skr.jp/storage/script_FFT/chap2/FFT_script204.html,▼
https://hakuteikoubou.skr.jp/storage/script_FFT/chap2/FFT_script204.html,▼
https://hakuteikoubou.skr.jp/storage/script_FFT/chap2/FFT_script204.html,▼
https://hakuteikoubou.skr.jp/storage/script_FFT/chap2/FFT_script205.html,▼
https://hakuteikoubou.skr.jp/storage/script_FFT/chap2/FFT_script205.html,▼
https://hakuteikoubou.skr.jp/storage/script_FFT/chap2/FFT_script205.html,▼
https://hakuteikoubou.skr.jp/storage/script_FFT/chap2/FFT_script205.html,▼
https://hakuteikoubou.skr.jp/storage/script_FFT/chap2/FFT_script205.html,▼
https://hakuteikoubou.skr.jp/storage/script_FFT/chap2/FFT_script205.html,▼
https://hakuteikoubou.skr.jp/storage/script_FFT/chap2/FFT_script205.html,▼
https://hakuteikoubou.skr.jp/storage/script_FFT/chap2/FFT_script206.html,▼
https://hakuteikoubou.skr.jp/storage/script_FFT/chap2/FFT_script208.html,▼
https://hakuteikoubou.skr.jp/storage/script_FFT/chap2/FFT_script209.html,▼
https://hakuteikoubou.skr.jp/storage/script_FFT/chap2/FFT_script211.html,▼
https://hakuteikoubou.skr.jp/storage/script_FFT/chap2/FFT_script211.html,▼
https://hakuteikoubou.skr.jp/storage/script_FFT/chap2/FFT_script211.html,▼
https://hakuteikoubou.skr.jp/storage/script_FFT/chap2/FFT_script212.html,▼
https://hakuteikoubou.skr.jp/storage/script_FFT/chap2/FFT_script212.html,▼
https://hakuteikoubou.skr.jp/storage/script_FFT/chap2/FFT_script212.html,▼
https://hakuteikoubou.skr.jp/storage/script_FFT/chap2/FFT_script212.html,▼
https://hakuteikoubou.skr.jp/storage/script_FFT/chap2/FFT_script212.html,▼
https://hakuteikoubou.skr.jp/storage/script_FFT/chap2/FFT_script212.html,▼
https://hakuteikoubou.skr.jp/storage/script_FFT/chap2/FFT_script212.html,▼
https://hakuteikoubou.skr.jp/storage/script_FFT/chap2/FFT_script212.html,▼
https://hakuteikoubou.skr.jp/storage/script_FFT/chap2/FFT_script212.html,▼
https://hakuteikoubou.skr.jp/storage/script_FFT/chap2/FFT_script212.html,▼
https://hakuteikoubou.skr.jp/storage/script_FFT/chap2/FFT_script212.html,▼
https://hakuteikoubou.skr.jp/storage/script_FFT/chap2/FFT_script212.html,▼
https://hakuteikoubou.skr.jp/storage/script_FFT/chap2/FFT_script212.html,▼
https://hakuteikoubou.skr.jp/storage/script_FFT/chap2/FFT_script213.html,▼
https://hakuteikoubou.skr.jp/storage/script_FFT/chap2/FFT_script213.html,▼
https://hakuteikoubou.skr.jp/storage/script_FFT/chap2/FFT_script213.html,▼
https://hakuteikoubou.skr.jp/storage/script_FFT/chap2/FFT_script213.html,▼
https://hakuteikoubou.skr.jp/storage/script_FFT/chap2/FFT_script213.html,▼
https://hakuteikoubou.skr.jp/storage/script_FFT/chap2/FFT_script213.html,▼
https://hakuteikoubou.skr.jp/storage/script_FFT/chap3/FFT_script302.html,▼
https://hakuteikoubou.skr.jp/storage/script_FFT/chap3/FFT_script302.html,▼
https://hakuteikoubou.skr.jp/storage/script_FFT/chap3/FFT_script303.html,▼
https://hakuteikoubou.skr.jp/storage/script_FFT/chap3/FFT_script303.html,▼
https://hakuteikoubou.skr.jp/storage/script_FFT/chap3/FFT_script303.html,▼
https://hakuteikoubou.skr.jp/storage/script_FFT/chap3/FFT_script303.html,▼
https://hakuteikoubou.skr.jp/storage/script_FFT/chap3/FFT_script303.html,▼
https://hakuteikoubou.skr.jp/storage/script_FFT/chap3/FFT_script303.html,▼
https://hakuteikoubou.skr.jp/storage/script_FFT/chap3/FFT_script304.html,▼
https://hakuteikoubou.skr.jp/storage/script_FFT/chap3/FFT_script304.html,▼
https://hakuteikoubou.skr.jp/storage/script_FFT/chap3/FFT_script304.html,▼
https://hakuteikoubou.skr.jp/storage/script_FFT/chap3/FFT_script304.html,▼
https://hakuteikoubou.skr.jp/storage/script_FFT/chap3/FFT_script304.html,▼
https://hakuteikoubou.skr.jp/storage/script_FFT/chap3/FFT_script304.html,▼
https://hakuteikoubou.skr.jp/storage/script_FFT/chap3/FFT_script304.html,▼
https://hakuteikoubou.skr.jp/storage/script_FFT/chap3/FFT_script305.html,▼
https://hakuteikoubou.skr.jp/storage/script_FFT/chap3/FFT_script305.html,▼
https://hakuteikoubou.skr.jp/storage/script_FFT/chap3/FFT_script305.html,▼
https://hakuteikoubou.skr.jp/storage/script_FFT/chap3/FFT_script305.html,▼
https://hakuteikoubou.skr.jp/storage/script_FFT/chap3/FFT_script305.html,▼
https://hakuteikoubou.skr.jp/storage/script_FFT/chap3/FFT_script305.html,▼
https://hakuteikoubou.skr.jp/storage/script_FFT/chap3/FFT_script305.html,▼
https://hakuteikoubou.skr.jp/storage/script_FFT/chap3/FFT_script305.html,▼
https://hakuteikoubou.skr.jp/storage/script_FFT/chap3/FFT_script305.html,▼
https://hakuteikoubou.skr.jp/storage/script_FFT/chap3/FFT_script306.html,▼
https://hakuteikoubou.skr.jp/storage/script_FFT/chap3/FFT_script306.html,▼
https://hakuteikoubou.skr.jp/storage/script_FFT/chap3/FFT_script307.html,▼
https://hakuteikoubou.skr.jp/storage/script_FFT/chap3/FFT_script308.html,▼
https://hakuteikoubou.skr.jp/storage/script_FFT/chap3/FFT_script308.html,▼
https://hakuteikoubou.skr.jp/storage/script_FFT/chap3/FFT_script308.html,▼
https://hakuteikoubou.skr.jp/storage/script_FFT/chap3/FFT_script308.html,▼
https://hakuteikoubou.skr.jp/storage/script_FFT/chap3/FFT_script308.html,▼
https://hakuteikoubou.skr.jp/storage/script_FFT/chap3/FFT_script308.html,▼
https://hakuteikoubou.skr.jp/storage/script_FFT/chap3/FFT_script308.html,▼
https://hakuteikoubou.skr.jp/storage/script_FFT/chap3/FFT_script308.html,▼
https://hakuteikoubou.skr.jp/storage/script_FFT/chap3/FFT_script308.html,▼
https://hakuteikoubou.skr.jp/storage/script_FFT/chap3/FFT_script308.html,▼
https://hakuteikoubou.skr.jp/storage/script_FFT/chap3/FFT_script308.html,▼
https://hakuteikoubou.skr.jp/storage/script_FFT/chap3/FFT_script309.html,▼
https://hakuteikoubou.skr.jp/storage/script_FFT/chap3/FFT_script310.html,▼
https://hakuteikoubou.skr.jp/storage/script_FFT/chap3/FFT_script310.html,▼
https://hakuteikoubou.skr.jp/storage/script_FFT/chap3/FFT_script310.html,▼
https://hakuteikoubou.skr.jp/storage/script_FFT/chap3/FFT_script310.html,▼
https://hakuteikoubou.skr.jp/storage/script_FFT/chap3/FFT_script310.html,▼
https://hakuteikoubou.skr.jp/storage/script_FFT/chap3/FFT_script311.html,▼
https://hakuteikoubou.skr.jp/storage/script_FFT/chap3/FFT_script311.html,▼
https://hakuteikoubou.skr.jp/storage/script_FFT/chap3/FFT_script311.html,▼
https://hakuteikoubou.skr.jp/storage/script_FFT/chap3/FFT_script311.html,▼
https://hakuteikoubou.skr.jp/storage/script_FFT/chap3/FFT_script312.html,▼
https://hakuteikoubou.skr.jp/storage/script_FFT/chap3/FFT_script312.html,▼
https://hakuteikoubou.skr.jp/storage/script_FFT/chap4/FFT_script402.html,▼
https://hakuteikoubou.skr.jp/storage/script_FFT/chap4/FFT_script403.html,▼
https://hakuteikoubou.skr.jp/storage/script_FFT/chap4/FFT_script403.html,▼
https://hakuteikoubou.skr.jp/storage/script_FFT/chap4/FFT_script403.html,▼
https://hakuteikoubou.skr.jp/storage/script_FFT/chap4/FFT_script403.html,▼
https://hakuteikoubou.skr.jp/storage/script_FFT/chap4/FFT_script403.html,▼
https://hakuteikoubou.skr.jp/storage/script_FFT/chap4/FFT_script403.html,▼
https://hakuteikoubou.skr.jp/storage/script_FFT/chap4/FFT_script403.html,▼
https://hakuteikoubou.skr.jp/storage/script_FFT/chap4/FFT_script403.html,▼
https://hakuteikoubou.skr.jp/storage/script_FFT/chap4/FFT_script403.html,▼
https://hakuteikoubou.skr.jp/storage/script_FFT/chap4/FFT_script404.html,▼
https://hakuteikoubou.skr.jp/storage/script_FFT/chap4/FFT_script405.html,▼
https://hakuteikoubou.skr.jp/storage/script_FFT/chap4/FFT_script405.html,▼
https://hakuteikoubou.skr.jp/storage/script_FFT/chap4/FFT_script405.html,▼
https://hakuteikoubou.skr.jp/storage/script_FFT/chap4/FFT_script405.html,▼
https://hakuteikoubou.skr.jp/storage/script_FFT/chap4/FFT_script405.html,▼
https://hakuteikoubou.skr.jp/storage/script_FFT/chap4/FFT_script405.html,▼
https://hakuteikoubou.skr.jp/storage/script_FFT/chap4/FFT_script405.html,▼
https://hakuteikoubou.skr.jp/storage/script_FFT/chap4/FFT_script406.html,▼
https://hakuteikoubou.skr.jp/storage/script_FFT/chap4/FFT_script406.html,▼
https://hakuteikoubou.skr.jp/storage/script_FFT/chap4/FFT_script406.html,▼
https://hakuteikoubou.skr.jp/storage/script_FFT/chap4/FFT_script406.html,▼
https://hakuteikoubou.skr.jp/storage/script_FFT/chap4/FFT_script407.html,▼
https://hakuteikoubou.skr.jp/storage/script_FFT/chap4/FFT_script407.html,▼
https://hakuteikoubou.skr.jp/storage/script_FFT/chap4/FFT_script407.html,▼
https://hakuteikoubou.skr.jp/storage/script_FFT/chap4/FFT_script407.html,▼
https://hakuteikoubou.skr.jp/storage/script_FFT/chap4/FFT_script407.html,▼
https://hakuteikoubou.skr.jp/storage/script_FFT/chap4/FFT_script408.html,▼
https://hakuteikoubou.skr.jp/storage/script_FFT/chap4/FFT_script408.html,▼
https://hakuteikoubou.skr.jp/storage/script_FFT/chap4/FFT_script409.html,▼
https://hakuteikoubou.skr.jp/storage/script_FFT/chap4/FFT_script410.html,▼
https://hakuteikoubou.skr.jp/storage/script_FFT/chap4/FFT_script411.html,▼
https://hakuteikoubou.skr.jp/storage/script_FFT/chap4/FFT_script411.html,▼
https://hakuteikoubou.skr.jp/storage/script_FFT/chap4/FFT_script411.html,▼
https://hakuteikoubou.skr.jp/storage/script_FFT/chap4/FFT_script411.html,▼
https://hakuteikoubou.skr.jp/storage/script_FFT/chap4/FFT_script411.html,▼
https://hakuteikoubou.skr.jp/storage/script_FFT/chap4/FFT_script411.html,▼
https://hakuteikoubou.skr.jp/storage/script_FFT/chap4/FFT_script411.html,▼
https://hakuteikoubou.skr.jp/storage/script_FFT/chap4/FFT_script411.html,▼
https://hakuteikoubou.skr.jp/storage/script_FFT/chap4/FFT_script411.html,▼
https://hakuteikoubou.skr.jp/storage/script_FFT/chap4/FFT_script411.html,▼
https://hakuteikoubou.skr.jp/storage/script_FFT/chap4/FFT_script413.html,▼
https://hakuteikoubou.skr.jp/storage/script_FFT/chap4/FFT_script413.html,▼
https://hakuteikoubou.skr.jp/storage/script_FFT/chap4/FFT_script413.html,▼
https://hakuteikoubou.skr.jp/storage/script_FFT/chap4/FFT_script413.html,▼
https://hakuteikoubou.skr.jp/storage/script_FFT/chap4/FFT_script413.html,▼
https://hakuteikoubou.skr.jp/storage/script_FFT/chap4/FFT_script413.html,▼
https://hakuteikoubou.skr.jp/storage/script_FFT/chap4/FFT_script413.html,▼
https://hakuteikoubou.skr.jp/storage/script_FFT/chap4/FFT_script414.html,▼
https://hakuteikoubou.skr.jp/storage/script_FFT/chap4/FFT_script414.html,▼
https://hakuteikoubou.skr.jp/storage/script_FFT/chap4/FFT_script414.html,▼
https://hakuteikoubou.skr.jp/storage/script_FFT/chap4/FFT_script414.html,▼
https://hakuteikoubou.skr.jp/storage/script_FFT/chap4/FFT_script414.html,▼
https://hakuteikoubou.skr.jp/storage/script_FFT/chap4/FFT_script414.html,▼
https://hakuteikoubou.skr.jp/storage/script_FFT/chap4/FFT_script414.html,▼
https://hakuteikoubou.skr.jp/storage/script_FFT/chap4/FFT_script414.html,▼
https://hakuteikoubou.skr.jp/storage/script_FFT/chap4/FFT_script414.html,▼
https://hakuteikoubou.skr.jp/storage/script_FFT/chap4/FFT_script414.html,▼
https://hakuteikoubou.skr.jp/storage/script_FFT/chap4/FFT_script415.html,▼
https://hakuteikoubou.skr.jp/storage/script_FFT/chap4/FFT_script415.html,▼
https://hakuteikoubou.skr.jp/storage/script_FFT/chap4/FFT_script415.html,▼
https://hakuteikoubou.skr.jp/storage/script_FFT/chap4/FFT_script415.html,▼
https://hakuteikoubou.skr.jp/storage/script_FFT/chap4/FFT_script416.html,▼
https://hakuteikoubou.skr.jp/storage/script_FFT/chap4/FFT_script416.html,▼
https://hakuteikoubou.skr.jp/storage/script_FFT/chap4/FFT_script416.html,▼
https://hakuteikoubou.skr.jp/storage/script_FFT/chap4/FFT_script416.html,▼
https://hakuteikoubou.skr.jp/storage/script_FFT/chap4/FFT_script416.html,▼
https://hakuteikoubou.skr.jp/storage/script_FFT/chap4/FFT_script416.html,▼
https://hakuteikoubou.skr.jp/storage/script_FFT/chap4/FFT_script417.html,▼
https://hakuteikoubou.skr.jp/storage/script_FFT/chap4/FFT_script417.html,▼
https://hakuteikoubou.skr.jp/storage/script_FFT/chap4/FFT_script417.html,▼
https://hakuteikoubou.skr.jp/storage/script_FFT/chap4/FFT_script417.html,▼
https://hakuteikoubou.skr.jp/storage/script_FFT/extra/FFT_scripte01.html,▼
https://hakuteikoubou.skr.jp/storage/script_FFT/extra/FFT_scripte01.html,▼
https://hakuteikoubou.skr.jp/storage/script_FFT/extra/FFT_scripte02.html,▼
https://hakuteikoubou.skr.jp/storage/script_FFT/extra/FFT_scripte02.html,▼
https://hakuteikoubou.skr.jp/storage/script_FFT/extra/FFT_scripte02.html,▼
https://hakuteikoubou.skr.jp/storage/script_FFT/extra/FFT_scripte02.html,▼
https://hakuteikoubou.skr.jp/storage/script_FFT/extra/FFT_scripte02.html,▼
https://hakuteikoubou.skr.jp/storage/script_FFT/extra/FFT_scripte02.html,▼
https://hakuteikoubou.skr.jp/storage/script_FFT/extra/FFT_scripte02.html,▼
https://hakuteikoubou.skr.jp/storage/script_FFT/extra/FFT_scripte02.html,▼
https://hakuteikoubou.skr.jp/storage/script_FFT/extra/FFT_scripte03.html,▼
https://hakuteikoubou.skr.jp/storage/script_FFT/extra/FFT_scripte03.html,▼
https://hakuteikoubou.skr.jp/storage/script_FFT/extra/FFT_scripte04.html,▼
https://hakuteikoubou.skr.jp/storage/script_FFT/extra/FFT_scripte04.html,▼
https://hakuteikoubou.skr.jp/storage/script_FFT/extra/FFT_scripte04.html,▼
https://hakuteikoubou.skr.jp/storage/script_FFT/extra/FFT_scripte05.html,▼
https://hakuteikoubou.skr.jp/storage/script_FFT/extra/FFT_scripte05.html,▼
https://hakuteikoubou.skr.jp/storage/script_FFT/extra/FFT_scripte05.html,▼
https://hakuteikoubou.skr.jp/storage/script_FFT/extra/FFT_scripte05.html,▼
https://hakuteikoubou.skr.jp/storage/script_FFT/extra/FFT_scripte05.html,▼
https://hakuteikoubou.skr.jp/storage/script_FFT/extra/FFT_scripte05.html,▼
https://hakuteikoubou.skr.jp/storage/script_FFT/extra/FFT_scripte06.html,▼
https://hakuteikoubou.skr.jp/storage/script_FFT/extra/FFT_scripte06.html,▼
https://hakuteikoubou.skr.jp/storage/script_FFT/extra/FFT_scripte06.html,▼
https://hakuteikoubou.skr.jp/storage/script_FFT/extra/FFT_scripte06.html,▼
https://hakuteikoubou.skr.jp/storage/script_FFT/extra/FFT_scripte06.html,▼
https://hakuteikoubou.skr.jp/storage/script_FFT/extra/FFT_scripte06.html,▼
https://hakuteikoubou.skr.jp/storage/script_FFT/extra/FFT_scripte06.html,▼
https://hakuteikoubou.skr.jp/storage/script_FFT/extra/FFT_scripte06.html,▼
https://hakuteikoubou.skr.jp/storage/script_FFT/extra/FFT_scripte06.html,▼
https://hakuteikoubou.skr.jp/storage/script_FFT/extra/FFT_scripte07.html,▼
https://hakuteikoubou.skr.jp/storage/script_FFT/extra/FFT_scripte07.html,▼
https://hakuteikoubou.skr.jp/storage/script_FFT/extra/FFT_scripte07.html,▼
https://hakuteikoubou.skr.jp/storage/script_FFT/extra/FFT_scripte07.html,▼
https://hakuteikoubou.skr.jp/storage/script_FFT/extra/FFT_scripte07.html,▼
https://hakuteikoubou.skr.jp/storage/script_FFT/extra/FFT_scripte07.html,▼
https://hakuteikoubou.skr.jp/storage/script_FFT/extra/FFT_scripte07.html,▼
https://hakuteikoubou.skr.jp/storage/script_FFT/extra/FFT_scripte07.html,▼
https://hakuteikoubou.skr.jp/storage/script_FFT/extra/FFT_scripte07.html,▼
https://hakuteikoubou.skr.jp/storage/script_FFT/extra/FFT_scripte07.html,▼
https://hakuteikoubou.skr.jp/storage/script_FFT/extra/FFT_scripte07.html,▼
https://hakuteikoubou.skr.jp/storage/script_FFT/extra/FFT_scripte07.html,▼
https://hakuteikoubou.skr.jp/storage/script_FFT/extra/FFT_scripte07.html,▼
https://hakuteikoubou.skr.jp/storage/script_FFT/extra/FFT_scripte07.html,▼
https://hakuteikoubou.skr.jp/storage/script_FFT/extra/FFT_scripte07.html,▼
https://hakuteikoubou.skr.jp/storage/script_FFT/FFT_scriptmusic.html,▼
https://hakuteikoubou.skr.jp/storage/script_FFT/FFT_scriptmusic.html,▼
